농장,성오 후기자돈사,Unnamed: 2,Unnamed: 3,Unnamed: 4,Unnamed: 5,Unnamed: 6,Unnamed: 7,Unnamed: 8,Unnamed: 9,Unnamed: 10,Unnamed: 11,Unnamed: 12,Unnamed: 13,Unnamed: 14,Unnamed: 15,Unnamed: 16,Unnamed: 17,Unnamed: 18,Unnamed: 19,Unnamed: 20,Unnamed: 21,Unnamed: 22,Unnamed: 23,Unnamed: 24,Unnamed: 25,Unnamed: 26,Unnamed: 27,Unnamed: 28,Unnamed: 29,Unnamed: 30,Unnamed: 31,Unnamed: 32,Unnamed: 33,Unnamed: 34,Unnamed: 35,Unnamed: 36,Unnamed: 37,Unnamed: 38,Unnamed: 39,Unnamed: 40,Unnamed: 41,Unnamed: 42,Unnamed: 43,Unnamed: 44,Unnamed: 45,Unnamed: 46,Unnamed: 47,Unnamed: 48,Unnamed: 49,Unnamed: 50,Unnamed: 51,Unnamed: 52,Unnamed: 53,Unnamed: 54,Unnamed: 55,Unnamed: 56,Unnamed: 57,Unnamed: 58,Unnamed: 59,Unnamed: 60,Unnamed: 61,Unnamed: 62,Unnamed: 63,Unnamed: 64,Unnamed: 65,Unnamed: 66,Unnamed: 67,Unnamed: 68,Unnamed: 69,Unnamed: 70,Unnamed: 71,Unnamed: 72
날짜,2025-08-01 00:00:00,,,,,,,,,,,,,,,,,,,,,,,,,,,,,,,,,,,,,,,,,,,,,,,,,,,,,,,,,,,,,,,,,,,,,,,
구분,1방,,,,,,,,2방,,,,,,,,3방,,,,,,,,4방,,,,,,,,5방,,,,,,,,6방,,,,,,,,7방,,,,,,,,8방,,,,,,,,계,,,,,,,
날짜,입식,전입,전출,도태,폐사,출하,오류,재고,입식,전입,전출,도태,폐사,출하,오류,재고,입식,전입,전출,도태,폐사,출하,오류,재고,입식,전입,전출,도태,폐사,출하,오류,재고,입식,전입,전출,도태,폐사,출하,오류,재고,입식,전입,전출,도태,폐사,출하,오류,재고,입식,전입,전출,도태,폐사,출하,오류,재고,입식,전입,전출,도태,폐사,출하,오류,재고,입식,전입,전출,도태,폐사,출하,오류,재고
계,240,0,0,0,0,0,0,,270,0,56,0,0,140,0,,140,0,3,0,2,116,0,,0,0,6,0,1,0,0,,0,0,0,0,1,0,0,,0,0,4,0,1,0,0,,0,69,0,0,4,59,0,,0,0,0,0,0,0,0,,650,69,69,0,9,315,0,
,,,,,,,,,,,,,,,,,,,,,,,,,,,,,,,,,,,,,,,,,,,,,,,,,,,,,,,,,,,,,,,,,,,,,,,,
"성오
후기",월초재고,,,입식,,,전입,,,전출,,,도태,,,폐사,,,출하,,,오류,,,월말재고,,,확인,,,,,평균재고,,,1187.741935483871,,,,,,,,,,,,,,,,,,,,,,,,,,,,,,,,,,,,
,939,,,650,,,69,,,69,,,0,,,9,,,315,,,0,,,1265,,,,,,,,도폐사율,,,0.007577403585008148,,,,,,,,,,,,,,,,,,,,,,,,,,,,,,,,,,,,
2025-08-11 00:00:00,0,0,0,0,0,0,0,240,0,0,0,0,0,0,0,270,0,0,0,0,2,0,0,259,0,0,0,0,0,0,0,232,0,0,0,0,0,0,0,119,0,0,0,0,0,0,0,115,0,0,0,0,0,0,0,30,0,0,0,0,0,0,0,0,0,0,0,0,2,0,0,1265
